Date,Band 1,Band 2,Band 3,Band 4,Band 5,Band 6,Band 7,Brightness,Greenness,Wetness,Band 11
1984-06-26,1547.00000,1656.00000,1610.00000,2777.00000,1718.00000,1219.00000,-801.00000,4309.00000, 623.00000,-489.00000,   4.00000
1984-07-28, 318.00000, 618.00000, 508.00000,2668.00000,1482.00000, 676.00000,2062.00000,2755.00000,1583.00000,-608.00000,   0.00000
1985-04-10, 261.00000, 275.00000, 328.00000, 302.00000, 166.00000, 138.00000, 849.00000, 606.00000, -44.00000,  27.00000,   1.00000
1985-05-12, 265.00000, 305.00000, 349.00000, 634.00000, 294.00000, 228.00000,1471.00000, 883.00000, 189.00000, -37.00000,   0.00000
1985-06-29, 503.00000, 728.00000, 808.00000,2290.00000,2532.00000,1655.00000,2150.00000,3343.00000, 940.00000,-1873.00000,   0.00000
1985-07-31,16000.00000,16000.00000,7166.00000,16000.00000,16000.00000,5946.00000, -22.00000,29450.00000,2238.00000,-5435.00000,   4.00000
1985-08-16, 344.00000, 622.00000, 597.00000,2502.00000,2190.00000,1176.00000,2194.00000,3053.00000,1330.00000,-1398.00000,   0.00000
1985-10-03, 336.00000, 531.00000, 704.00000,1969.00000,2435.00000,1311.00000,1702.00000,2875.00000, 856.00000,-1737.00000,   0.00000
1986-02-08,16000.00000,7193.00000,7194.00000,7277.00000, 732.00000, 440.00000,-801.00000,14743.00000,-1975.00000,4844.00000,   3.00000
1986-02-24, 943.00000, 992.00000, 961.00000, 798.00000, 316.00000, 199.00000,-183.00000,1739.00000,-238.00000, 348.00000,   4.00000
1986-03-28, 675.00000, 692.00000, 658.00000, 903.00000, 626.00000, 508.00000,-293.00000,1621.00000,  59.00000,-195.00000,   0.00000
1986-04-13, 221.00000, 257.00000, 207.00000, 322.00000,  68.00000,  63.00000, 650.00000, 487.00000,  53.00000, 101.00000,   1.00000
1986-05-15, 241.00000, 279.00000, 324.00000, 534.00000, 132.00000,  91.00000,1518.00000, 713.00000, 151.00000, 123.00000,   0.00000
1986-05-31, 240.00000, 348.00000, 363.00000, 750.00000, 274.00000, 126.00000,2455.00000, 940.00000, 283.00000,  74.00000,   0.00000
1986-07-02, 889.00000,1099.00000,1056.00000,2305.00000,1551.00000,1020.00000, 650.00000,3267.00000, 778.00000,-651.00000,   2.00000
1986-07-18,1455.00000,1703.00000,1646.00000,3566.00000,2835.00000,1864.00000, 293.00000,5282.00000,1143.00000,-1471.00000,   4.00000
1986-08-03, 430.00000, 657.00000, 633.00000,2655.00000,2388.00000,1211.00000,2497.00000,3263.00000,1407.00000,-1504.00000,   0.00000
1986-08-19, 341.00000, 567.00000, 518.00000,2699.00000,2261.00000,1174.00000,2540.00000,3121.00000,1538.00000,-1443.00000,   0.00000
1986-10-06, 306.00000, 565.00000, 658.00000,2239.00000,2295.00000,1214.00000,1610.00000,2946.00000,1104.00000,-1538.00000,   0.00000
1986-10-22, 480.00000, 675.00000, 952.00000,2212.00000,2495.00000,1385.00000, 947.00000,3277.00000, 861.00000,-1665.00000,   0.00000
1986-12-09,1008.00000,1188.00000,1474.00000,2112.00000, 955.00000, 666.00000,-293.00000,3180.00000, 432.00000,  85.00000,   3.00000
1987-03-31, 304.00000, 293.00000, 305.00000, 373.00000, 235.00000, 106.00000, 700.00000, 665.00000,  17.00000,  12.00000,   1.00000
1987-04-16, 355.00000, 387.00000, 424.00000, 637.00000, 250.00000, 179.00000,1236.00000, 953.00000, 129.00000,  66.00000,   0.00000
1987-05-18, 527.00000, 720.00000, 829.00000,1801.00000,2122.00000,1435.00000,1883.00000,2896.00000, 571.00000,-1550.00000,   0.00000
1987-06-19, 617.00000, 868.00000, 880.00000,2347.00000,2118.00000,1378.00000,1093.00000,3303.00000, 941.00000,-1357.00000,   0.00000
1987-08-22,16000.00000,6870.00000,7028.00000,7993.00000,5859.00000,4993.00000,-1651.00000,17590.00000,-1913.00000,-1404.00000,   4.00000
1987-09-07, 410.00000, 544.00000, 559.00000,2059.00000,2018.00000,1005.00000,2194.00000,2665.00000,1029.00000,-1289.00000,   0.00000
1987-09-23, 380.00000, 562.00000, 649.00000,2003.00000,2057.00000,1086.00000,2150.00000,2715.00000, 929.00000,-1345.00000,   0.00000
1987-10-09,1112.00000,1181.00000,1300.00000,2465.00000,2147.00000,1291.00000, 448.00000,3823.00000, 692.00000,-1091.00000,   4.00000
1987-10-25, 449.00000, 674.00000, 906.00000,2029.00000,2386.00000,1351.00000, 898.00000,3097.00000, 749.00000,-1621.00000,   0.00000
1988-03-17, 268.00000, 346.00000, 344.00000, 565.00000, 201.00000, 163.00000, 800.00000, 814.00000, 137.00000,  59.00000,   0.00000
1988-05-20, 541.00000, 800.00000, 901.00000,2057.00000,2861.00000,1863.00000,2411.00000,3450.00000, 657.00000,-2225.00000,   0.00000
1988-07-07, 347.00000, 519.00000, 567.00000,2252.00000,2164.00000,1177.00000,2710.00000,2843.00000,1168.00000,-1460.00000,   0.00000
1988-07-23, 274.00000, 503.00000, 525.00000,2234.00000,2056.00000,1079.00000,2877.00000,2731.00000,1204.00000,-1349.00000,   0.00000
1988-08-08, 352.00000, 566.00000, 580.00000,2279.00000,2055.00000,1044.00000,2540.00000,2821.00000,1192.00000,-1286.00000,   0.00000
1988-08-24, 309.00000, 530.00000, 612.00000,2237.00000,2256.00000,1173.00000,2835.00000,2884.00000,1139.00000,-1508.00000,   0.00000
1988-09-09, 313.00000, 475.00000, 631.00000,2068.00000,2301.00000,1214.00000,2497.00000,2799.00000,1001.00000,-1602.00000,   0.00000
1988-09-25, 417.00000, 619.00000, 845.00000,2102.00000,2532.00000,1384.00000,1883.00000,3130.00000, 849.00000,-1758.00000,   0.00000
1988-10-11, 516.00000, 751.00000, 952.00000,2103.00000,2629.00000,1450.00000,1793.00000,3310.00000, 743.00000,-1801.00000,   0.00000
1989-03-20, 376.00000, 333.00000, 298.00000, 251.00000,  -6.00000,  73.00000, 137.00000, 539.00000, -91.00000, 180.00000,   1.00000
1989-04-05, 145.00000, 160.00000, 122.00000, 184.00000,  -4.00000, -51.00000, 996.00000, 256.00000,  35.00000, 145.00000,   1.00000
1989-05-07, 300.00000, 406.00000, 439.00000, 876.00000, 257.00000, 129.00000,2062.00000,1086.00000, 323.00000, 145.00000,   0.00000
1989-06-08, 609.00000,1017.00000,1118.00000,2440.00000,3219.00000,2215.00000,2877.00000,4087.00000, 745.00000,-2496.00000,   0.00000
1989-06-24, 568.00000, 866.00000,1012.00000,2566.00000,3157.00000,1963.00000,2960.00000,3952.00000, 973.00000,-2340.00000,   0.00000
1989-07-10, 463.00000, 786.00000, 831.00000,2608.00000,2929.00000,1683.00000,2625.00000,3685.00000,1171.00000,-2081.00000,   0.00000
1989-07-26, 396.00000, 783.00000, 742.00000,2706.00000,2696.00000,1492.00000,2960.00000,3560.00000,1331.00000,-1817.00000,   0.00000
1989-08-11, 382.00000, 650.00000, 683.00000,2679.00000,2607.00000,1355.00000,2667.00000,3394.00000,1390.00000,-1723.00000,   0.00000
1989-09-12, 424.00000, 688.00000, 786.00000,2388.00000,2710.00000,1587.00000,2194.00000,3394.00000,1060.00000,-1951.00000,   0.00000
1989-09-28, 555.00000, 893.00000,1097.00000,2682.00000,3176.00000,1849.00000,1793.00000,4053.00000,1036.00000,-2229.00000,   0.00000
1989-10-14, 391.00000, 612.00000, 745.00000,1532.00000,1789.00000,1070.00000,1141.00000,2434.00000, 497.00000,-1205.00000,   0.00000
1989-10-30, 507.00000, 737.00000, 971.00000,1853.00000,1830.00000,1101.00000, 137.00000,2838.00000, 590.00000,-1090.00000,   0.00000
1989-12-17, 834.00000,1033.00000,1280.00000,2008.00000,1279.00000, 777.00000,-183.00000,3040.00000, 490.00000,-321.00000,   0.00000
1990-01-18,1937.00000,1840.00000,1924.00000,1924.00000, 474.00000, 302.00000,-572.00000,3547.00000,-179.00000, 899.00000,   3.00000
1990-03-23, 595.00000, 669.00000, 740.00000, 962.00000, 679.00000, 654.00000, 550.00000,1725.00000,  62.00000,-290.00000,   0.00000
1990-04-08, 393.00000, 502.00000, 552.00000, 940.00000, 852.00000, 666.00000, 849.00000,1555.00000, 205.00000,-518.00000,   0.00000
1990-04-24, 483.00000, 651.00000, 715.00000,1319.00000,1595.00000,1142.00000, 996.00000,2286.00000, 309.00000,-1157.00000,   0.00000
1990-05-10, 728.00000, 914.00000, 952.00000,1957.00000,1924.00000,1354.00000, 996.00000,3095.00000, 571.00000,-1251.00000,   0.00000
1990-06-11, 194.00000, 301.00000, 288.00000,1176.00000, 568.00000, 363.00000,1518.00000,1261.00000, 642.00000,-222.00000,   0.00000
1990-06-27, 238.00000, 385.00000, 305.00000,1705.00000, 748.00000, 373.00000,1838.00000,1677.00000,1027.00000,-224.00000,   0.00000
1990-08-30, 200.00000, 348.00000, 385.00000,1941.00000,1283.00000, 586.00000,1425.00000,2050.00000,1158.00000,-656.00000,   0.00000
1990-10-17,1205.00000,1446.00000,1532.00000,2258.00000,2384.00000,2048.00000,-801.00000,4212.00000, 231.00000,-1627.00000,   4.00000
1991-04-11, 695.00000, 984.00000,1298.00000,1875.00000,2643.00000,1734.00000, 499.00000,3574.00000, 270.00000,-1868.00000,   0.00000
1991-04-27, 679.00000, 883.00000,1158.00000,1677.00000,2300.00000,1580.00000, 750.00000,3195.00000, 229.00000,-1644.00000,   0.00000
1991-06-14, 345.00000, 523.00000, 624.00000,1372.00000,1410.00000, 905.00000,1610.00000,2072.00000, 481.00000,-934.00000,   0.00000
1991-06-30,16000.00000,3836.00000,3895.00000,4856.00000,4437.00000,3326.00000,-293.00000,11964.00000,-1952.00000,-1615.00000,   4.00000
1991-08-01, 249.00000, 428.00000, 398.00000,2179.00000,1522.00000, 745.00000,2062.00000,2349.00000,1292.00000,-847.00000,   0.00000
1991-08-17, 308.00000, 487.00000, 449.00000,2340.00000,1705.00000, 796.00000,2150.00000,2575.00000,1365.00000,-942.00000,   0.00000
1991-09-02, 256.00000, 459.00000, 517.00000,2282.00000,1755.00000, 914.00000,2018.00000,2600.00000,1283.00000,-1046.00000,   0.00000
1991-09-18, 337.00000, 551.00000, 638.00000,2150.00000,2030.00000,1071.00000,2150.00000,2768.00000,1062.00000,-1296.00000,   0.00000
1991-10-04, 376.00000, 592.00000, 836.00000,2024.00000,2350.00000,1224.00000,1610.00000,2966.00000, 827.00000,-1561.00000,   0.00000
1991-10-20, 476.00000, 693.00000,1006.00000,2201.00000,2401.00000,1261.00000,1284.00000,3249.00000, 840.00000,-1507.00000,   0.00000
1992-03-28,1065.00000,1298.00000,1561.00000,2233.00000,3240.00000,2236.00000, 750.00000,4435.00000, 224.00000,-2355.00000,   0.00000
1992-05-15, 862.00000,1180.00000,1467.00000,2231.00000,3518.00000,2449.00000,2062.00000,4428.00000, 296.00000,-2734.00000,   0.00000
1992-05-31, 775.00000,1051.00000,1326.00000,2209.00000,3531.00000,2353.00000,2960.00000,4247.00000, 404.00000,-2761.00000,   0.00000
1992-06-16, 932.00000,1292.00000,1501.00000,2685.00000,3836.00000,2511.00000,2106.00000,4882.00000, 595.00000,-2864.00000,   0.00000
1992-07-02,1383.00000,1647.00000,1764.00000,3120.00000,3733.00000,2355.00000,2238.00000,5448.00000, 683.00000,-2446.00000,   0.00000
1992-07-18, 583.00000, 841.00000, 965.00000,2229.00000,2964.00000,1760.00000,2793.00000,3618.00000, 761.00000,-2169.00000,   0.00000
1992-08-03, 586.00000, 903.00000, 993.00000,2371.00000,2935.00000,1788.00000,3042.00000,3738.00000, 842.00000,-2118.00000,   0.00000
1992-08-19, 582.00000, 852.00000, 926.00000,2134.00000,2886.00000,1754.00000,3165.00000,3520.00000, 704.00000,-2141.00000,   0.00000
1992-09-20, 612.00000, 883.00000,1158.00000,2182.00000,3122.00000,1962.00000,2411.00000,3817.00000, 585.00000,-2340.00000,   0.00000
1992-10-06, 703.00000, 954.00000,1252.00000,2069.00000,3142.00000,1997.00000,1748.00000,3867.00000, 414.00000,-2351.00000,   0.00000
1992-10-22, 716.00000, 963.00000,1328.00000,2257.00000,3101.00000,1911.00000,1093.00000,3990.00000, 534.00000,-2208.00000,   0.00000
1992-11-07, 824.00000,1091.00000,1348.00000,2089.00000,3244.00000,2101.00000, 700.00000,4069.00000, 318.00000,-2419.00000,   0.00000
1993-05-02, 435.00000, 502.00000, 578.00000, 832.00000, 373.00000, 273.00000,1236.00000,1275.00000, 156.00000,  36.00000,   0.00000
1993-05-18,2843.00000,2902.00000,2916.00000,3628.00000,2720.00000,2260.00000,-2886.00000,6857.00000,  24.00000,-942.00000,   4.00000
1993-06-03, 445.00000, 574.00000, 690.00000,1323.00000, 919.00000, 608.00000,1425.00000,1899.00000, 425.00000,-394.00000,   2.00000
1993-06-19, 529.00000, 667.00000, 752.00000,1685.00000,1983.00000,1412.00000,2625.00000,2717.00000, 531.00000,-1498.00000,   0.00000
1993-07-05, 657.00000, 895.00000,1029.00000,2108.00000,3507.00000,2635.00000,3406.00000,3995.00000, 483.00000,-3064.00000,   0.00000
1993-08-06, 803.00000, 983.00000,1125.00000,2309.00000,3421.00000,2499.00000,3486.00000,4171.00000, 572.00000,-2831.00000,   0.00000
1993-09-07, 739.00000, 934.00000,1039.00000,1903.00000,3187.00000,2324.00000,3001.00000,3743.00000, 339.00000,-2683.00000,   0.00000
1993-09-23, 743.00000, 861.00000,1067.00000,1914.00000,3265.00000,2369.00000,2368.00000,3770.00000, 342.00000,-2767.00000,   0.00000
1993-10-25, 744.00000, 868.00000,1023.00000,1767.00000,3108.00000,2178.00000,1425.00000,3571.00000, 273.00000,-2584.00000,   0.00000
1993-11-10,6382.00000,6467.00000,6495.00000,6802.00000,5900.00000,4966.00000,-1155.00000,14486.00000,-962.00000,-2197.00000,   4.00000
1994-01-13,6849.00000,7370.00000,7380.00000,7267.00000, 623.00000, 499.00000,-515.00000,13023.00000,-655.00000,4686.00000,   3.00000
1994-01-29,1483.00000,1848.00000,2051.00000,1988.00000, 236.00000, 200.00000,-293.00000,3466.00000,-105.00000,1162.00000,   3.00000
1994-04-03, 314.00000, 409.00000, 510.00000, 966.00000, 817.00000, 479.00000,1236.00000,1437.00000, 306.00000,-409.00000,   0.00000
1994-04-19, 437.00000, 515.00000, 528.00000,1054.00000,1002.00000, 525.00000,1883.00000,1636.00000, 317.00000,-515.00000,   0.00000
1994-05-05,16000.00000,4330.00000,4382.00000,4905.00000,4392.00000,3662.00000,-685.00000,12531.00000,-2311.00000,-1529.00000,   4.00000
1994-06-22, 513.00000, 719.00000, 775.00000,1917.00000,2573.00000,1639.00000,3526.00000,3118.00000, 663.00000,-1976.00000,   0.00000
1994-07-08, 653.00000, 871.00000,1016.00000,1900.00000,3125.00000,2152.00000,4069.00000,3625.00000, 400.00000,-2559.00000,   0.00000
1994-07-24, 663.00000, 791.00000, 987.00000,1826.00000,3040.00000,2048.00000,2793.00000,3485.00000, 387.00000,-2476.00000,   0.00000
1994-08-09, 671.00000, 868.00000,1027.00000,1813.00000,3186.00000,2119.00000,3286.00000,3595.00000, 328.00000,-2593.00000,   0.00000
1994-08-25, 702.00000, 848.00000,1091.00000,1854.00000,3097.00000,2057.00000,2877.00000,3610.00000, 338.00000,-2470.00000,   0.00000
1994-09-10, 697.00000, 984.00000,1168.00000,2102.00000,3387.00000,2148.00000,2455.00000,3962.00000, 454.00000,-2624.00000,   0.00000
1994-09-26, 695.00000, 883.00000,1066.00000,1798.00000,3177.00000,1943.00000,3083.00000,3575.00000, 315.00000,-2467.00000,   0.00000
1994-10-28, 557.00000, 646.00000, 780.00000,1472.00000,1781.00000, 939.00000, 898.00000,2434.00000, 417.00000,-1108.00000,   0.00000
1995-04-22, 254.00000, 270.00000, 332.00000, 853.00000, 323.00000, 138.00000,1236.00000, 970.00000, 394.00000,  28.00000,   0.00000
1995-05-24, 220.00000, 352.00000, 368.00000,1345.00000, 521.00000, 273.00000,1610.00000,1393.00000, 734.00000, -66.00000,   0.00000
1995-06-09, 245.00000, 285.00000, 314.00000,1120.00000, 590.00000, 271.00000,1928.00000,1232.00000, 593.00000,-186.00000,   0.00000
1995-06-25, 216.00000, 340.00000, 415.00000,1608.00000,1305.00000, 709.00000,2625.00000,1911.00000, 860.00000,-803.00000,   0.00000
1995-07-11, 447.00000, 619.00000, 645.00000,2206.00000,2507.00000,1467.00000,2411.00000,3096.00000,1014.00000,-1832.00000,   0.00000
1995-07-27, 348.00000, 521.00000, 626.00000,1839.00000,2438.00000,1501.00000,3083.00000,2801.00000, 764.00000,-1906.00000,   0.00000
1995-08-12, 405.00000, 554.00000, 722.00000,1788.00000,2579.00000,1635.00000,2710.00000,2925.00000, 640.00000,-2056.00000,   0.00000
1995-08-28, 477.00000, 601.00000, 805.00000,1775.00000,2622.00000,1736.00000,2667.00000,3035.00000, 553.00000,-2112.00000,   0.00000
1995-09-13, 484.00000, 623.00000, 804.00000,1719.00000,2681.00000,1634.00000,2752.00000,3007.00000, 517.00000,-2096.00000,   0.00000
1995-10-15, 456.00000, 736.00000, 816.00000,1670.00000,2696.00000,1504.00000,1702.00000,3001.00000, 471.00000,-2011.00000,   0.00000
1995-10-31, 497.00000, 622.00000, 804.00000,1531.00000,2272.00000,1147.00000, 550.00000,2660.00000, 437.00000,-1557.00000,   0.00000
1995-11-16,1923.00000,1952.00000,2099.00000,2595.00000,2512.00000,1967.00000,-238.00000,5097.00000,   4.00000,-1298.00000,   4.00000
1995-12-02, 585.00000, 655.00000, 851.00000,1327.00000,2009.00000,1331.00000, -22.00000,2562.00000, 204.00000,-1506.00000,   0.00000
1996-02-20, 414.00000, 311.00000, 288.00000, 363.00000,  27.00000, 105.00000,-129.00000, 614.00000,  -4.00000, 154.00000,   1.00000
1996-04-08, 237.00000, 305.00000, 328.00000, 730.00000, 438.00000, 317.00000,1284.00000, 986.00000, 267.00000,-178.00000,   0.00000
1996-05-10, 280.00000, 374.00000, 413.00000,1239.00000, 767.00000, 383.00000,1518.00000,1481.00000, 598.00000,-301.00000,   0.00000
1996-05-26, 312.00000, 416.00000, 357.00000,1213.00000, 558.00000, 268.00000,1838.00000,1367.00000, 607.00000,-102.00000,   0.00000
1996-06-11, 219.00000, 365.00000, 375.00000,1462.00000, 828.00000, 436.00000,1928.00000,1603.00000, 798.00000,-347.00000,   0.00000
1996-07-13, 382.00000, 528.00000, 566.00000,1943.00000,2141.00000,1256.00000,2960.00000,2687.00000, 905.00000,-1550.00000,   0.00000
1996-07-29, 350.00000, 475.00000, 555.00000,1815.00000,2003.00000,1182.00000,2325.00000,2519.00000, 836.00000,-1451.00000,   0.00000
1996-08-14, 362.00000, 499.00000, 610.00000,1835.00000,2197.00000,1220.00000,2583.00000,2642.00000, 812.00000,-1581.00000,   0.00000
1996-08-30, 332.00000, 500.00000, 617.00000,1714.00000,2239.00000,1316.00000,2667.00000,2607.00000, 703.00000,-1690.00000,   0.00000
1996-09-15, 772.00000, 746.00000, 845.00000,1625.00000,1414.00000, 893.00000, 345.00000,2517.00000, 457.00000,-753.00000,   4.00000
1996-10-01, 382.00000, 588.00000, 792.00000,1650.00000,2418.00000,1416.00000,2018.00000,2793.00000, 524.00000,-1812.00000,   0.00000
1996-10-17,2080.00000,2314.00000,2523.00000,3659.00000,4401.00000,3842.00000,-976.00000,7152.00000, 264.00000,-3312.00000,   4.00000
1996-11-02, 520.00000, 709.00000,1019.00000,1833.00000,2588.00000,1533.00000, 499.00000,3182.00000, 492.00000,-1864.00000,   0.00000
1997-02-22, 158.00000, 126.00000, 204.00000, 269.00000,  28.00000,  37.00000,-293.00000, 369.00000,  55.00000, 105.00000,   1.00000
1997-04-11, 363.00000, 442.00000, 500.00000, 933.00000,1143.00000, 903.00000, 600.00000,1637.00000, 208.00000,-891.00000,   0.00000
1997-04-27, 270.00000, 361.00000, 399.00000, 806.00000, 790.00000, 599.00000,1236.00000,1275.00000, 234.00000,-541.00000,   0.00000
1997-05-13,1430.00000,1477.00000,1452.00000,2415.00000,1752.00000,1303.00000,-801.00000,3946.00000, 460.00000,-723.00000,   4.00000
1997-06-14, 189.00000, 275.00000, 264.00000,1220.00000, 711.00000, 365.00000,1928.00000,1306.00000, 695.00000,-325.00000,   0.00000
1997-07-16, 440.00000, 500.00000, 562.00000,1727.00000,1380.00000, 806.00000,1236.00000,2219.00000, 797.00000,-805.00000,   0.00000
1997-08-01, 238.00000, 312.00000, 332.00000,1215.00000,1212.00000, 675.00000,2062.00000,1595.00000, 597.00000,-826.00000,   0.00000
1997-08-17, 311.00000, 488.00000, 444.00000,1537.00000,1725.00000, 933.00000,2238.00000,2150.00000, 709.00000,-1198.00000,   0.00000
1997-09-02, 279.00000, 450.00000, 477.00000,1469.00000,1797.00000, 988.00000,2106.00000,2143.00000, 645.00000,-1292.00000,   0.00000
1997-09-18,4081.00000,4067.00000,4253.00000,5502.00000,5325.00000,4595.00000,-459.00000,10767.00000,  60.00000,-3086.00000,   4.00000
1997-10-20, 345.00000, 454.00000, 600.00000,1305.00000,1866.00000,1097.00000, 650.00000,2178.00000, 426.00000,-1396.00000,   0.00000
1997-11-05, 416.00000, 510.00000, 706.00000,1360.00000,1866.00000, 984.00000, 550.00000,2280.00000, 411.00000,-1270.00000,   0.00000
1997-11-21, 611.00000, 678.00000, 941.00000,1479.00000,2079.00000,1341.00000,  84.00000,2738.00000, 269.00000,-1497.00000,   0.00000
1998-03-13, 314.00000, 289.00000, 274.00000, 330.00000,  74.00000,  72.00000, 849.00000, 565.00000,   3.00000, 123.00000,   1.00000
1998-03-29, 188.00000, 237.00000, 270.00000, 307.00000,  19.00000, -11.00000,-238.00000, 466.00000,  30.00000, 191.00000,   1.00000
1998-04-30,1530.00000,1614.00000,1561.00000,2088.00000,1400.00000,1073.00000,-801.00000,3732.00000, 134.00000,-342.00000,   4.00000
1998-06-01, 176.00000, 277.00000, 304.00000, 788.00000, 219.00000, 156.00000,2150.00000, 876.00000, 364.00000,  65.00000,   0.00000
1998-06-17, 242.00000, 277.00000, 276.00000,1196.00000, 492.00000, 258.00000,1928.00000,1218.00000, 677.00000,-110.00000,   0.00000
1998-07-03, 269.00000, 415.00000, 328.00000,1567.00000, 872.00000, 503.00000,1748.00000,1698.00000, 875.00000,-400.00000,   0.00000
1998-07-19, 196.00000, 361.00000, 343.00000,1748.00000,1229.00000, 714.00000,2325.00000,1933.00000,1005.00000,-746.00000,   0.00000
1998-08-04, 237.00000, 342.00000, 358.00000,1744.00000,1324.00000, 705.00000,2583.00000,1967.00000, 993.00000,-803.00000,   0.00000
1998-09-05, 319.00000, 380.00000, 389.00000,1313.00000,1102.00000, 509.00000,2150.00000,1655.00000, 642.00000,-597.00000,   0.00000
1998-09-21, 302.00000, 381.00000, 423.00000,1688.00000,1709.00000, 881.00000,1093.00000,2162.00000, 872.00000,-1154.00000,   0.00000
1998-10-07, 330.00000, 493.00000, 598.00000,1620.00000,1926.00000,1091.00000,1425.00000,2389.00000, 672.00000,-1365.00000,   0.00000
1998-10-23, 426.00000, 524.00000, 733.00000,1652.00000,2009.00000,1116.00000, 898.00000,2546.00000, 605.00000,-1380.00000,   0.00000
1999-03-16,16000.00000,7724.00000,7662.00000,6764.00000, 221.00000, 204.00000,-238.00000,14713.00000,-2695.00000,5488.00000,   3.00000
1999-04-17, 407.00000, 374.00000, 350.00000, 408.00000, 109.00000,  56.00000,1189.00000, 713.00000,  -4.00000, 168.00000,   1.00000
1999-05-19, 565.00000, 554.00000, 585.00000, 801.00000, 579.00000, 431.00000,1044.00000,1410.00000,  73.00000,-190.00000,   0.00000
1999-06-04, 859.00000, 877.00000, 928.00000,1350.00000,1239.00000,1156.00000,1093.00000,2484.00000, 117.00000,-794.00000,   4.00000
1999-07-14, 300.00000, 434.00000, 442.00000,1531.00000,1417.00000, 837.00000,2537.00000,2003.00000, 733.00000,-942.00000,   0.00000
1999-07-22, 269.00000, 435.00000, 432.00000,1626.00000,1453.00000, 861.00000,2194.00000,2062.00000, 815.00000,-967.00000,   0.00000
1999-07-30, 295.00000, 389.00000, 403.00000,1802.00000,1403.00000, 761.00000,2386.00000,2095.00000, 989.00000,-855.00000,   0.00000
1999-08-15, 193.00000, 346.00000, 272.00000,1801.00000,1111.00000, 504.00000,1655.00000,1832.00000,1116.00000,-552.00000,   0.00000
1999-08-23,16000.00000,16000.00000,16000.00000,16000.00000,6500.00000,5362.00000,-1779.00000,31226.00000,-2034.00000,4128.00000,   4.00000
1999-08-31,1547.00000,1557.00000,1500.00000,2769.00000,1395.00000, 939.00000,-959.00000,4036.00000, 734.00000,-153.00000,   4.00000
1999-09-08, 303.00000, 382.00000, 391.00000,1702.00000,1065.00000, 544.00000,1518.00000,1873.00000, 947.00000,-517.00000,   0.00000
1999-09-16, 410.00000, 456.00000, 442.00000,1793.00000,1212.00000, 599.00000,1816.00000,2065.00000, 953.00000,-598.00000,   0.00000
1999-10-02, 250.00000, 366.00000, 414.00000,1629.00000,1306.00000, 704.00000,1271.00000,1939.00000, 867.00000,-790.00000,   0.00000
1999-10-10, 200.00000, 307.00000, 453.00000,1549.00000,1334.00000, 718.00000, 947.00000,1892.00000, 803.00000,-835.00000,   0.00000
1999-10-18, 275.00000, 376.00000, 476.00000,1436.00000,1450.00000, 841.00000, 932.00000,1949.00000, 657.00000,-988.00000,   0.00000
1999-11-03, 870.00000, 927.00000,1048.00000,2013.00000,1940.00000,1285.00000, -94.00000,3203.00000, 553.00000,-1172.00000,   0.00000
1999-11-27,1386.00000,1555.00000,1763.00000,2370.00000,2283.00000,1638.00000,-572.00000,4359.00000, 212.00000,-1187.00000,   4.00000
1999-12-21, 623.00000, 789.00000, 952.00000,1526.00000,1063.00000, 695.00000, -31.00000,2351.00000, 369.00000,-375.00000,   0.00000
1999-12-29, 780.00000, 897.00000,1176.00000,1770.00000,1008.00000, 490.00000,-183.00000,2627.00000, 433.00000, -69.00000,   3.00000
2000-03-26, 170.00000, 150.00000, 107.00000, 150.00000,  17.00000,  -4.00000,1159.00000, 247.00000,   7.00000,  89.00000,   1.00000
2000-04-11, 255.00000, 260.00000, 251.00000, 426.00000, 179.00000, 117.00000,1382.00000, 627.00000, 100.00000,  28.00000,   1.00000
2000-04-19,16000.00000,6537.00000,6553.00000,6719.00000,6011.00000,5240.00000,-685.00000,16563.00000,-2653.00000,-2121.00000,   4.00000
2000-05-05, 290.00000, 259.00000, 287.00000, 512.00000, 192.00000, 122.00000,1141.00000, 708.00000, 144.00000,  45.00000,   0.00000
2000-05-21, 217.00000, 280.00000, 336.00000, 806.00000, 456.00000, 227.00000,2194.00000,1004.00000, 345.00000,-124.00000,   0.00000
2000-05-29, 262.00000, 352.00000, 334.00000,1173.00000, 632.00000, 325.00000,1709.00000,1331.00000, 600.00000,-216.00000,   0.00000
2000-06-06,1620.00000,1864.00000,1818.00000,3298.00000,2838.00000,2475.00000,-403.00000,5467.00000, 695.00000,-1807.00000,   4.00000
2000-06-14, 248.00000, 309.00000, 334.00000,1656.00000,1150.00000, 638.00000,2386.00000,1822.00000, 950.00000,-675.00000,   0.00000
2000-06-22, 213.00000, 382.00000, 361.00000,1772.00000,1268.00000, 663.00000,2106.00000,1970.00000,1015.00000,-726.00000,   0.00000
2000-06-30, 281.00000, 403.00000, 366.00000,1890.00000,1310.00000, 689.00000,2335.00000,2082.00000,1087.00000,-739.00000,   0.00000
2000-07-08, 323.00000, 496.00000, 451.00000,2021.00000,1226.00000, 678.00000,1656.00000,2223.00000,1124.00000,-603.00000,   0.00000
2000-07-24, 256.00000, 369.00000, 407.00000,1872.00000,1360.00000, 688.00000,2194.00000,2090.00000,1064.00000,-771.00000,   0.00000
2000-08-01, 260.00000, 420.00000, 395.00000,1898.00000,1413.00000, 743.00000,2537.00000,2150.00000,1071.00000,-829.00000,   0.00000
2000-08-09, 343.00000, 518.00000, 499.00000,2034.00000,1542.00000, 768.00000,2238.00000,2389.00000,1089.00000,-851.00000,   0.00000
2000-08-17, 275.00000, 392.00000, 400.00000,1995.00000,1555.00000, 789.00000,2284.00000,2255.00000,1142.00000,-939.00000,   0.00000
2000-08-25, 267.00000, 421.00000, 482.00000,1924.00000,1657.00000, 786.00000,2194.00000,2301.00000,1041.00000,-989.00000,   0.00000
2000-09-10, 363.00000, 553.00000, 662.00000,2118.00000,1954.00000,1031.00000,1793.00000,2736.00000,1026.00000,-1217.00000,   0.00000
2000-09-18, 318.00000, 452.00000, 552.00000,1651.00000,1795.00000, 897.00000,2130.00000,2275.00000, 759.00000,-1174.00000,   0.00000
2000-09-26, 324.00000, 484.00000, 581.00000,1732.00000,1989.00000,1125.00000,1564.00000,2466.00000, 768.00000,-1414.00000,   0.00000
2000-10-04, 310.00000, 454.00000, 603.00000,1735.00000,2037.00000,1083.00000,1492.00000,2470.00000, 774.00000,-1420.00000,   0.00000
2000-10-12,1285.00000,1336.00000,1366.00000,1909.00000,1652.00000,1301.00000,-685.00000,3488.00000, 155.00000,-812.00000,   4.00000
2000-12-31,5361.00000,5696.00000,5844.00000,6157.00000, 887.00000, 484.00000,-572.00000,10616.00000,-171.00000,3437.00000,   3.00000
2001-02-25,16000.00000,16000.00000,16000.00000,7883.00000,1240.00000, 944.00000,-287.00000,23893.00000,-7839.00000,8821.00000,   3.00000
2001-03-13, 574.00000, 688.00000, 900.00000,1314.00000,1360.00000, 963.00000, 401.00000,2304.00000, 217.00000,-821.00000,   0.00000
2001-03-21, 392.00000, 516.00000, 640.00000, 889.00000, 600.00000, 503.00000, 996.00000,1463.00000, 141.00000,-227.00000,   0.00000
2001-03-29, 289.00000, 376.00000, 443.00000, 688.00000, 456.00000, 314.00000,1103.00000,1071.00000, 154.00000,-145.00000,   0.00000
2001-04-14,1773.00000,1695.00000,1736.00000,2304.00000,2062.00000,1527.00000,-222.00000,4349.00000,  96.00000,-949.00000,   4.00000
2001-04-22, 874.00000, 993.00000,1161.00000,1682.00000,2112.00000,1546.00000, 448.00000,3218.00000, 181.00000,-1465.00000,   0.00000
2001-05-08, 983.00000,1180.00000,1333.00000,2040.00000,2620.00000,1945.00000, 849.00000,3871.00000, 264.00000,-1890.00000,   0.00000
2001-05-16, 718.00000, 873.00000,1038.00000,1883.00000,2925.00000,2114.00000,1437.00000,3570.00000, 370.00000,-2393.00000,   0.00000
2001-05-24, 584.00000, 758.00000, 912.00000,1681.00000,2785.00000,2025.00000,2793.00000,3245.00000, 332.00000,-2350.00000,   0.00000
2001-06-01,2298.00000,2464.00000,2632.00000,3462.00000,3647.00000,3071.00000, 581.00000,6790.00000,  98.00000,-2295.00000,   4.00000
2001-06-09, 647.00000, 798.00000, 892.00000,1864.00000,2123.00000,1469.00000,1189.00000,3032.00000, 549.00000,-1520.00000,   0.00000
2001-06-17, 517.00000, 698.00000, 820.00000,1996.00000,2570.00000,1594.00000,2436.00000,3169.00000, 714.00000,-1921.00000,   0.00000
2001-07-03, 686.00000, 821.00000, 891.00000,2424.00000,2612.00000,1554.00000,2436.00000,3543.00000, 970.00000,-1789.00000,   0.00000
2001-07-11, 407.00000, 630.00000, 674.00000,2036.00000,2077.00000,1169.00000,2150.00000,2808.00000, 911.00000,-1381.00000,   0.00000
2001-07-19,1076.00000,1210.00000,1195.00000,2727.00000,2430.00000,1458.00000,1103.00000,4047.00000, 927.00000,-1363.00000,   4.00000
2001-07-27, 364.00000, 582.00000, 578.00000,1967.00000,2245.00000,1242.00000,2710.00000,2756.00000, 911.00000,-1594.00000,   0.00000
2001-08-12, 737.00000, 775.00000, 802.00000,1824.00000,1299.00000, 773.00000,1284.00000,2549.00000, 653.00000,-571.00000,   4.00000
2001-08-20, 345.00000, 525.00000, 570.00000,2115.00000,2218.00000,1173.00000,2735.00000,2784.00000,1058.00000,-1519.00000,   0.00000
2001-08-28, 351.00000, 503.00000, 612.00000,1960.00000,2284.00000,1148.00000,2497.00000,2725.00000, 921.00000,-1570.00000,   0.00000
2001-09-05, 432.00000, 572.00000, 650.00000,2014.00000,2290.00000,1181.00000,1974.00000,2832.00000, 913.00000,-1556.00000,   0.00000
2001-09-13,16000.00000,6655.00000,6557.00000,6845.00000,4980.00000,4118.00000,-515.00000,16103.00000,-2418.00000,-685.00000,   4.00000
2001-09-21, 402.00000, 564.00000, 712.00000,1802.00000,2444.00000,1330.00000,2487.00000,2818.00000, 699.00000,-1776.00000,   0.00000
2001-09-29, 334.00000, 586.00000, 741.00000,1841.00000,2546.00000,1482.00000,1748.00000,2919.00000, 700.00000,-1920.00000,   0.00000
2001-10-15,1834.00000,1957.00000,2094.00000,3053.00000,2687.00000,1689.00000,-515.00000,5331.00000, 424.00000,-1161.00000,   4.00000
2001-10-23, 529.00000, 730.00000, 998.00000,2108.00000,2714.00000,1450.00000, 816.00000,3359.00000, 727.00000,-1847.00000,   0.00000
2001-11-08, 943.00000,1105.00000,1424.00000,2322.00000,2833.00000,1716.00000,-222.00000,4057.00000, 499.00000,-1828.00000,   0.00000
2002-04-01, 319.00000, 312.00000, 329.00000, 654.00000, 303.00000, 210.00000,1655.00000, 896.00000, 207.00000, -32.00000,   0.00000
2002-05-03, 729.00000, 875.00000,1101.00000,1890.00000,3329.00000,2480.00000,1869.00000,3824.00000, 290.00000,-2870.00000,   0.00000
2002-05-11, 683.00000, 928.00000,1082.00000,1887.00000,3617.00000,2581.00000,1973.00000,3938.00000, 278.00000,-3125.00000,   0.00000
2002-06-04, 700.00000, 854.00000, 975.00000,1778.00000,2389.00000,1718.00000,1327.00000,3204.00000, 383.00000,-1831.00000,   0.00000
2002-06-12, 634.00000, 827.00000, 938.00000,1892.00000,3201.00000,2234.00000,2918.00000,3598.00000, 433.00000,-2696.00000,   0.00000
2002-06-20,1028.00000,1158.00000,1187.00000,2331.00000,2388.00000,1538.00000, 640.00000,3790.00000, 624.00000,-1475.00000,   4.00000
2002-06-28,2732.00000,2955.00000,2905.00000,4128.00000,4023.00000,3717.00000,-1277.00000,7884.00000, 221.00000,-2618.00000,   4.00000
2002-07-06, 493.00000, 635.00000, 669.00000,2114.00000,2622.00000,1524.00000,2979.00000,3122.00000, 910.00000,-1951.00000,   0.00000
2002-07-14, 456.00000, 606.00000, 627.00000,2143.00000,2456.00000,1380.00000,2835.00000,3011.00000, 986.00000,-1765.00000,   0.00000
2002-07-22,2063.00000,2011.00000,1762.00000,3346.00000,2472.00000,1484.00000,1327.00000,5270.00000, 801.00000,-917.00000,   4.00000
2002-08-23,1176.00000,1257.00000,1241.00000,2508.00000,2124.00000,1297.00000, 989.00000,3854.00000, 727.00000,-1072.00000,   4.00000
2002-08-31, 366.00000, 598.00000, 659.00000,2096.00000,2466.00000,1474.00000,2625.00000,3005.00000, 936.00000,-1832.00000,   0.00000
2002-09-16,3889.00000,3918.00000,3960.00000,4836.00000,3512.00000,2742.00000,-2812.00000,9124.00000,   8.00000,-978.00000,   4.00000
2002-09-24, 506.00000, 649.00000, 893.00000,2136.00000,2664.00000,1479.00000,2686.00000,3270.00000, 818.00000,-1875.00000,   0.00000
2002-10-02, 405.00000, 616.00000, 882.00000,2041.00000,2727.00000,1547.00000,1610.00000,3210.00000, 761.00000,-1991.00000,   0.00000
2002-10-10,1304.00000,1502.00000,1635.00000,2776.00000,2861.00000,2069.00000,-484.00000,4764.00000, 560.00000,-1817.00000,   4.00000
2002-10-18, 515.00000, 667.00000, 968.00000,1851.00000,2496.00000,1391.00000,1793.00000,3084.00000, 562.00000,-1736.00000,   0.00000
2002-11-03, 531.00000, 754.00000,1045.00000,1915.00000,2536.00000,1501.00000, 448.00000,3241.00000, 537.00000,-1776.00000,   0.00000
2002-11-19,1283.00000,1477.00000,1919.00000,3051.00000,3310.00000,2304.00000, 189.00000,5259.00000, 613.00000,-2130.00000,   4.00000
2002-11-27, 797.00000,1287.00000,1866.00000,2916.00000,3344.00000,2126.00000, 401.00000,4943.00000, 677.00000,-2141.00000,   0.00000
2002-12-05,1793.00000,2038.00000,2232.00000,3032.00000,2378.00000,1960.00000,-459.00000,5387.00000, 289.00000,-1063.00000,   4.00000
2003-01-06,8236.00000,8484.00000,8474.00000,7827.00000, 957.00000, 753.00000,-1095.00000,14859.00000,-1253.00000,5021.00000,   3.00000
2003-02-07, 255.00000, 294.00000, 326.00000, 501.00000,  75.00000,  42.00000,-238.00000, 675.00000, 126.00000, 190.00000,   0.00000
2003-02-23, 576.00000, 638.00000, 684.00000,1087.00000,1023.00000, 701.00000, -22.00000,1868.00000, 192.00000,-553.00000,   0.00000
2003-03-27, 756.00000, 871.00000,1030.00000,1492.00000,1971.00000,1548.00000,-348.00000,2919.00000, 140.00000,-1476.00000,   0.00000
2003-05-14, 681.00000, 853.00000, 994.00000,1610.00000,2791.00000,2203.00000,2150.00000,3352.00000, 173.00000,-2429.00000,   0.00000
2003-05-22, 674.00000, 744.00000, 933.00000,1615.00000,2673.00000,2008.00000,2637.00000,3193.00000, 260.00000,-2269.00000,   0.00000
2003-06-15, 495.00000, 618.00000, 717.00000,1692.00000,2435.00000,1666.00000,2793.00000,2874.00000, 534.00000,-1981.00000,   0.00000
2003-07-01, 455.00000, 625.00000, 669.00000,1783.00000,2397.00000,1687.00000,2793.00000,2888.00000, 631.00000,-1965.00000,   0.00000
2003-07-17, 387.00000, 569.00000, 597.00000,1747.00000,2278.00000,1475.00000,3326.00000,2704.00000, 692.00000,-1798.00000,   0.00000
2003-07-25,-9999.00000,-9999.00000,-9999.00000,-9999.00000,-9999.00000,-9999.00000,-9999.00000,-9999.00000,-9999.00000,-9999.00000, 255.00000
2003-08-10, 332.00000, 497.00000, 513.00000,1748.00000,2204.00000,1284.00000,2931.00000,2549.00000, 787.00000,-1673.00000,   0.00000
2003-08-18, 363.00000, 518.00000, 560.00000,1665.00000,2256.00000,1332.00000,3124.00000,2570.00000, 681.00000,-1734.00000,   0.00000
2003-08-26,-9999.00000,-9999.00000,-9999.00000,-9999.00000,-9999.00000,-9999.00000,2931.00000,-9999.00000,-9999.00000,-9999.00000, 255.00000
2003-09-03, 412.00000, 561.00000, 631.00000,1614.00000,2289.00000,1377.00000,2960.00000,2629.00000, 582.00000,-1762.00000,   0.00000
2003-09-19, 378.00000, 544.00000, 659.00000,1516.00000,2420.00000,1518.00000,2540.00000,2647.00000, 479.00000,-1952.00000,   0.00000
2003-09-27, 410.00000, 565.00000, 718.00000,1586.00000,2616.00000,1558.00000,3075.00000,2806.00000, 490.00000,-2073.00000,   0.00000
2003-10-05, 464.00000, 671.00000, 856.00000,1755.00000,2715.00000,1660.00000,2062.00000,3089.00000, 509.00000,-2103.00000,   0.00000
2003-10-13, 430.00000, 628.00000, 885.00000,1761.00000,2680.00000,1685.00000,1327.00000,3079.00000, 511.00000,-2094.00000,   0.00000
2003-10-21, 440.00000, 616.00000, 892.00000,1705.00000,2833.00000,1546.00000,1748.00000,3063.00000, 484.00000,-2124.00000,   0.00000
2003-10-29, 501.00000, 638.00000, 872.00000,2413.00000,2754.00000,1575.00000, 874.00000,3462.00000,1037.00000,-1950.00000,   0.00000
2003-12-08,1555.00000,1580.00000,1551.00000,1739.00000, 519.00000, 296.00000,-183.00000,3061.00000, -23.00000, 655.00000,   3.00000
2004-02-10,16000.00000,8352.00000,8288.00000,7817.00000, 696.00000, 416.00000,-976.00000,16122.00000,-2336.00000,5562.00000,   3.00000
2004-03-13,1469.00000,1409.00000,1524.00000,1362.00000, 170.00000, 165.00000, -22.00000,2601.00000,-238.00000, 853.00000,   3.00000
2004-03-21, 282.00000, 329.00000, 367.00000, 552.00000, 347.00000, 251.00000,1327.00000, 881.00000, 104.00000, -92.00000,   0.00000
2004-03-29, 631.00000, 691.00000, 708.00000, 912.00000, 565.00000, 393.00000, 448.00000,1599.00000,  65.00000, -67.00000,   2.00000
2004-04-06, 458.00000, 552.00000, 659.00000,1037.00000,1482.00000,1176.00000,1655.00000,2019.00000, 134.00000,-1194.00000,   0.00000
2004-04-22, 494.00000, 602.00000, 730.00000,1197.00000,1955.00000,1518.00000,1492.00000,2406.00000, 159.00000,-1660.00000,   0.00000
2004-04-30, 571.00000, 656.00000, 811.00000,1371.00000,2503.00000,1979.00000,2194.00000,2868.00000, 167.00000,-2242.00000,   0.00000
2004-05-08,16000.00000,16000.00000,16000.00000,5235.00000,3930.00000,2834.00000,-1029.00000,23653.00000,-10216.00000,5318.00000,   4.00000
2004-05-16, 610.00000, 730.00000, 836.00000,1476.00000,2425.00000,1898.00000,1838.00000,2937.00000, 227.00000,-2095.00000,   0.00000
2004-05-24, 536.00000, 675.00000, 815.00000,1516.00000,2343.00000,1817.00000,2182.00000,2866.00000, 305.00000,-2002.00000,   0.00000
2004-06-01, 486.00000, 609.00000, 709.00000,1492.00000,2437.00000,1868.00000,2540.00000,2797.00000, 353.00000,-2150.00000,   0.00000
2004-06-17, 476.00000, 583.00000, 713.00000,1602.00000,2445.00000,1742.00000,3083.00000,2823.00000, 464.00000,-2061.00000,   0.00000
2004-06-25,-9999.00000,-9999.00000,-9999.00000,-9999.00000,-9999.00000,-9999.00000,-9999.00000,-9999.00000,-9999.00000,-9999.00000, 255.00000
2004-07-03, 468.00000, 591.00000, 639.00000,1702.00000,2492.00000,1740.00000,2835.00000,2855.00000, 580.00000,-2094.00000,   0.00000
2004-07-11, 441.00000, 572.00000, 595.00000,1721.00000,2411.00000,1570.00000,3075.00000,2764.00000, 649.00000,-1950.00000,   0.00000
2004-07-27, 380.00000, 553.00000, 596.00000,1772.00000,2386.00000,1500.00000,3546.00000,2749.00000, 714.00000,-1885.00000,   0.00000
2004-08-04, 413.00000, 559.00000, 619.00000,1814.00000,2528.00000,1565.00000,2877.00000,2855.00000, 720.00000,-2004.00000,   0.00000
2004-08-12, 595.00000, 744.00000, 772.00000,2074.00000,2607.00000,1614.00000,3027.00000,3239.00000, 774.00000,-1946.00000,   0.00000
2004-08-20, 416.00000, 557.00000, 621.00000,1669.00000,2461.00000,1484.00000,3205.00000,2732.00000, 615.00000,-1937.00000,   0.00000
2004-08-28,-9999.00000,-9999.00000,-9999.00000,-9999.00000,-9999.00000,-9999.00000,-9999.00000,-9999.00000,-9999.00000,-9999.00000, 255.00000
2004-09-05, 432.00000, 602.00000, 663.00000,1781.00000,2700.00000,1669.00000,2752.00000,2960.00000, 644.00000,-2168.00000,   0.00000
2004-09-21, 440.00000, 631.00000, 800.00000,1777.00000,2804.00000,1696.00000,1928.00000,3085.00000, 562.00000,-2208.00000,   0.00000
2004-09-29,-9999.00000,-9999.00000,-9999.00000,-9999.00000,-9999.00000,-9999.00000,-9999.00000,-9999.00000,-9999.00000,-9999.00000, 255.00000
2004-10-07, 590.00000, 777.00000,1018.00000,1939.00000,2966.00000,1848.00000,2018.00000,3476.00000, 505.00000,-2277.00000,   0.00000
2004-10-15,2893.00000,2935.00000,3060.00000,4059.00000,3373.00000,2507.00000,-1611.00000,7470.00000, 244.00000,-1401.00000,   4.00000
2004-11-08, 485.00000, 703.00000,1015.00000,1740.00000,2880.00000,1809.00000, 996.00000,3272.00000, 387.00000,-2253.00000,   0.00000
2004-11-16, 289.00000, 213.00000, 227.00000, 379.00000, 292.00000, 177.00000, 461.00000, 623.00000,  70.00000,-110.00000,   2.00000
2004-12-02, 670.00000, 747.00000,1133.00000,1804.00000,2093.00000,1354.00000,  31.00000,3078.00000, 406.00000,-1376.00000,   0.00000
2004-12-18,2589.00000,2757.00000,2965.00000,3293.00000,1303.00000, 841.00000, -31.00000,5807.00000,  11.00000, 801.00000,   2.00000
2005-03-08, 669.00000, 728.00000, 859.00000,1275.00000,1308.00000, 888.00000, 461.00000,2261.00000, 193.00000,-749.00000,   0.00000
2005-04-09, 395.00000, 467.00000, 547.00000, 890.00000, 843.00000, 496.00000, 874.00000,1467.00000, 199.00000,-426.00000,   0.00000
2005-05-03,2919.00000,3081.00000,3055.00000,3667.00000,3485.00000,3274.00000, 499.00000,7522.00000,-212.00000,-1993.00000,   4.00000
2005-05-19, 231.00000, 272.00000, 295.00000, 595.00000, 161.00000, 118.00000,1331.00000, 743.00000, 213.00000,  88.00000,   0.00000
2005-05-27, 215.00000, 221.00000, 205.00000, 571.00000, 206.00000, 108.00000,2335.00000, 666.00000, 254.00000,  20.00000,   0.00000
2005-06-04, 234.00000, 241.00000, 271.00000, 739.00000, 326.00000, 153.00000,1973.00000, 859.00000, 341.00000, -31.00000,   0.00000
2005-06-12, 195.00000, 238.00000, 237.00000, 825.00000, 272.00000, 174.00000,1816.00000, 869.00000, 430.00000,  -2.00000,   0.00000
2005-06-20, 198.00000, 305.00000, 271.00000,1012.00000, 351.00000, 187.00000,2062.00000,1051.00000, 544.00000,  -3.00000,   0.00000
2005-06-28, 244.00000, 302.00000, 245.00000,1157.00000, 442.00000, 264.00000,2078.00000,1175.00000, 654.00000, -91.00000,   0.00000
2005-07-06, 244.00000, 345.00000, 331.00000,1518.00000, 659.00000, 295.00000,2325.00000,1522.00000, 885.00000,-152.00000,   0.00000
2005-07-14, 218.00000, 326.00000, 281.00000,1696.00000, 761.00000, 360.00000,2487.00000,1631.00000,1049.00000,-247.00000,   0.00000
2005-07-22, 302.00000, 480.00000, 409.00000,2104.00000,1700.00000, 925.00000,2793.00000,2442.00000,1181.00000,-1078.00000,   0.00000
2005-07-30, 346.00000, 447.00000, 402.00000,2106.00000,1804.00000,1033.00000,3027.00000,2492.00000,1171.00000,-1221.00000,   0.00000
2005-08-07, 338.00000, 448.00000, 500.00000,2045.00000,2077.00000,1161.00000,3124.00000,2625.00000,1056.00000,-1467.00000,   0.00000
2005-08-15, 286.00000, 467.00000, 449.00000,2130.00000,2027.00000,1063.00000,3027.00000,2604.00000,1167.00000,-1370.00000,   0.00000
2005-08-23, 251.00000, 442.00000, 438.00000,2007.00000,2000.00000,1056.00000,2793.00000,2500.00000,1087.00000,-1381.00000,   0.00000
2005-08-31, 298.00000, 446.00000, 502.00000,2069.00000,2104.00000,1115.00000,2735.00000,2629.00000,1088.00000,-1454.00000,   0.00000
2005-09-08, 460.00000, 568.00000, 637.00000,2078.00000,2200.00000,1252.00000,2793.00000,2854.00000, 956.00000,-1529.00000,   0.00000
2005-09-24, 279.00000, 468.00000, 599.00000,1768.00000,1563.00000, 752.00000,1378.00000,2261.00000, 852.00000,-889.00000,   0.00000
2005-10-10, 412.00000, 548.00000, 802.00000,1863.00000,2447.00000,1335.00000,1838.00000,2900.00000, 704.00000,-1744.00000,   0.00000
2005-10-18,2159.00000,2208.00000,2348.00000,3191.00000,2552.00000,1767.00000,-1029.00000,5697.00000, 290.00000,-950.00000,   4.00000
2005-11-19, 743.00000, 961.00000,1312.00000,2320.00000,2553.00000,1551.00000, 340.00000,3767.00000, 640.00000,-1607.00000,   0.00000
2006-02-07,16000.00000,16000.00000,16000.00000,8299.00000, 666.00000, 532.00000,-617.00000,23856.00000,-7449.00000,9544.00000,   3.00000
2006-02-15,16000.00000,8120.00000,8043.00000,7710.00000,1140.00000, 821.00000,-917.00000,16062.00000,-2308.00000,4869.00000,   3.00000
2006-02-23,16000.00000,16000.00000,16000.00000,7939.00000, 400.00000, 316.00000,-484.00000,23516.00000,-7704.00000,9787.00000,   3.00000
2006-04-20, 364.00000, 377.00000, 350.00000, 400.00000,  59.00000,  56.00000,1284.00000, 686.00000,  -4.00000, 200.00000,   1.00000
2006-04-28, 214.00000, 184.00000, 184.00000, 299.00000,  83.00000,  20.00000,1709.00000, 424.00000,  69.00000,  91.00000,   1.00000
2006-05-06, 300.00000, 297.00000, 350.00000, 551.00000, 241.00000, 156.00000,1702.00000, 806.00000, 129.00000,  26.00000,   0.00000
2006-05-14, 338.00000, 370.00000, 419.00000, 692.00000, 342.00000, 244.00000,2182.00000,1015.00000, 172.00000, -31.00000,   0.00000
2006-05-30, 444.00000, 554.00000, 551.00000,1263.00000, 919.00000, 691.00000,1327.00000,1799.00000, 438.00000,-504.00000,   0.00000
2006-06-07, 380.00000, 516.00000, 550.00000,1412.00000,1160.00000, 688.00000,2150.00000,1929.00000, 576.00000,-647.00000,   0.00000
2006-06-15, 335.00000, 472.00000, 496.00000,1593.00000,1413.00000, 889.00000,2130.00000,2102.00000, 734.00000,-934.00000,   0.00000
2006-06-23, 342.00000, 531.00000, 564.00000,1804.00000,1904.00000,1195.00000,2710.00000,2511.00000, 810.00000,-1380.00000,   0.00000
2006-07-01, 384.00000, 507.00000, 541.00000,2031.00000,2154.00000,1268.00000,2833.00000,2722.00000, 989.00000,-1561.00000,   0.00000
2006-07-09, 387.00000, 544.00000, 574.00000,2122.00000,2280.00000,1378.00000,3001.00000,2874.00000,1021.00000,-1679.00000,   0.00000
2006-07-17, 308.00000, 481.00000, 565.00000,2210.00000,2273.00000,1309.00000,3171.00000,2859.00000,1132.00000,-1633.00000,   0.00000
2006-07-25, 345.00000, 525.00000, 504.00000,2208.00000,2163.00000,1186.00000,2497.00000,2787.00000,1162.00000,-1492.00000,   0.00000
2006-08-02, 385.00000, 504.00000, 487.00000,2371.00000,2174.00000,1121.00000,2587.00000,2859.00000,1308.00000,-1436.00000,   0.00000
2006-08-10, 508.00000, 760.00000, 662.00000,2854.00000,2645.00000,1384.00000,2540.00000,3573.00000,1491.00000,-1713.00000,   0.00000
2006-08-18, 416.00000, 568.00000, 538.00000,2317.00000,2147.00000,1202.00000,2785.00000,2899.00000,1209.00000,-1448.00000,   0.00000
2006-08-26, 327.00000, 553.00000, 618.00000,2195.00000,2277.00000,1316.00000,2625.00000,2916.00000,1074.00000,-1611.00000,   0.00000
2006-09-03,-9999.00000,-9999.00000,-9999.00000,-9999.00000,-9999.00000,-9999.00000,-9999.00000,-9999.00000,-9999.00000,-9999.00000, 255.00000
2006-09-11, 402.00000, 612.00000, 704.00000,2119.00000,2386.00000,1372.00000,2667.00000,3007.00000, 938.00000,-1693.00000,   0.00000
2006-09-27, 479.00000, 641.00000, 882.00000,2079.00000,2523.00000,1358.00000,2455.00000,3150.00000, 802.00000,-1722.00000,   0.00000
2006-10-05,16000.00000,5280.00000,5445.00000,6004.00000,5095.00000,4360.00000,-550.00000,14526.00000,-2271.00000,-1698.00000,   4.00000
2006-10-13, 445.00000, 592.00000, 840.00000,1946.00000,2627.00000,1523.00000,1883.00000,3094.00000, 709.00000,-1944.00000,   0.00000
2006-10-21, 435.00000, 571.00000, 776.00000,1629.00000,1864.00000,1008.00000,1046.00000,2507.00000, 570.00000,-1196.00000,   0.00000
2006-10-29, 544.00000, 826.00000,1122.00000,2099.00000,2786.00000,1603.00000,1378.00000,3523.00000, 613.00000,-1933.00000,   0.00000
2006-11-14,2681.00000,2855.00000,2859.00000,3363.00000,1607.00000,1842.00000,-348.00000,6176.00000, -62.00000, -14.00000,   4.00000
2007-01-09,5801.00000,5848.00000,5708.00000,5381.00000,1697.00000,1484.00000,-550.00000,10735.00000,-969.00000,2125.00000,   4.00000
2007-01-25,6958.00000,7244.00000,7580.00000,7529.00000, 445.00000, 472.00000,-617.00000,13192.00000,-531.00000,4914.00000,   3.00000
2007-02-02,6754.00000,7218.00000,7310.00000,7268.00000, 661.00000, 490.00000,-801.00000,12912.00000,-570.00000,4610.00000,   3.00000
2007-03-06,3144.00000,3280.00000,3244.00000,2847.00000, 245.00000, 172.00000,-183.00000,5549.00000,-587.00000,2053.00000,   3.00000
2007-03-14, 313.00000, 345.00000, 367.00000, 515.00000, 178.00000, 168.00000, 279.00000, 801.00000,  78.00000,  70.00000,   0.00000
2007-03-22, 280.00000, 308.00000, 330.00000, 483.00000, 245.00000, 152.00000, 600.00000, 757.00000,  86.00000,   8.00000,   0.00000
2007-03-30, 292.00000, 284.00000, 359.00000, 568.00000, 329.00000, 237.00000,1327.00000, 860.00000, 131.00000, -80.00000,   0.00000
2007-04-15, 477.00000, 572.00000, 651.00000,1140.00000,1383.00000, 963.00000, 932.00000,2006.00000, 243.00000,-974.00000,   0.00000
2007-04-23, 466.00000, 629.00000, 732.00000,1236.00000,1729.00000,1280.00000,1331.00000,2309.00000, 222.00000,-1348.00000,   0.00000
2007-05-09, 670.00000, 929.00000,1054.00000,1712.00000,2651.00000,1962.00000,2194.00000,3374.00000, 244.00000,-2133.00000,   0.00000
2007-05-17, 571.00000, 735.00000, 826.00000,1581.00000,2097.00000,1493.00000,2078.00000,2789.00000, 379.00000,-1608.00000,   0.00000
2007-06-02, 533.00000, 657.00000, 741.00000,1683.00000,2056.00000,1374.00000,2537.00000,2720.00000, 542.00000,-1530.00000,   0.00000
2007-06-10, 482.00000, 687.00000, 716.00000,1739.00000,2029.00000,1316.00000,2062.00000,2718.00000, 609.00000,-1469.00000,   0.00000
2007-06-18, 371.00000, 497.00000, 610.00000,1690.00000,1941.00000,1211.00000,2436.00000,2478.00000, 697.00000,-1429.00000,   0.00000
2007-06-26, 397.00000, 576.00000, 624.00000,1794.00000,2105.00000,1373.00000,2710.00000,2673.00000, 728.00000,-1598.00000,   0.00000
2007-07-04, 424.00000, 578.00000, 644.00000,1900.00000,2334.00000,1366.00000,3313.00000,2821.00000, 798.00000,-1722.00000,   0.00000
2007-07-12, 460.00000, 638.00000, 651.00000,1970.00000,2092.00000,1254.00000,2455.00000,2796.00000, 848.00000,-1460.00000,   0.00000
2007-07-28, 416.00000, 599.00000, 593.00000,1849.00000,2228.00000,1335.00000,3083.00000,2730.00000, 784.00000,-1653.00000,   0.00000
2007-08-05,1483.00000,1515.00000,1559.00000,2833.00000,2238.00000,1485.00000,  31.00000,4466.00000, 696.00000,-1040.00000,   4.00000
2007-08-13, 346.00000, 565.00000, 593.00000,1860.00000,2284.00000,1335.00000,2918.00000,2726.00000, 812.00000,-1698.00000,   0.00000
2007-08-21,-9999.00000,-9999.00000,-9999.00000,-9999.00000,-9999.00000,-9999.00000,2637.00000,-9999.00000,-9999.00000,-9999.00000, 255.00000
2007-08-29, 355.00000, 566.00000, 629.00000,1798.00000,2306.00000,1385.00000,2835.00000,2731.00000, 736.00000,-1744.00000,   0.00000
2007-09-06, 355.00000, 503.00000, 592.00000,1706.00000,2234.00000,1279.00000,2487.00000,2584.00000, 710.00000,-1672.00000,   0.00000
2007-09-14, 474.00000, 624.00000, 717.00000,1841.00000,2434.00000,1400.00000,2150.00000,2896.00000, 692.00000,-1789.00000,   0.00000
2007-09-22, 719.00000, 850.00000,1014.00000,2054.00000,2469.00000,1541.00000,1547.00000,3370.00000, 606.00000,-1711.00000,   0.00000
2007-10-08, 786.00000,1015.00000,1202.00000,2090.00000,2545.00000,1538.00000, 699.00000,3600.00000, 495.00000,-1661.00000,   0.00000
2007-10-24, 478.00000, 716.00000, 935.00000,1699.00000,2549.00000,1490.00000,1601.00000,3031.00000, 438.00000,-1863.00000,   0.00000
2007-11-09, 581.00000, 754.00000,1004.00000,1777.00000,2457.00000,1423.00000, 758.00000,3106.00000, 451.00000,-1712.00000,   0.00000
2007-11-25, 542.00000, 655.00000, 923.00000,1559.00000,1981.00000,1186.00000, 156.00000,2683.00000, 380.00000,-1332.00000,   0.00000
2008-04-01,16000.00000,16000.00000,16000.00000,8277.00000, 770.00000, 561.00000,-222.00000,23883.00000,-7471.00000,9451.00000,   3.00000
2008-04-17, 331.00000, 279.00000, 271.00000, 312.00000,  48.00000,  38.00000,1271.00000, 536.00000,  -6.00000, 156.00000,   1.00000
2008-04-25,2563.00000,2581.00000,2527.00000,2658.00000,2091.00000,1589.00000, -75.00000,5542.00000,-342.00000,-488.00000,   4.00000
2008-05-03,-9999.00000,-9999.00000,-9999.00000,-9999.00000,-9999.00000,-9999.00000,-9999.00000,-9999.00000,-9999.00000,-9999.00000, 255.00000
2008-05-11, 826.00000, 948.00000,1024.00000,1584.00000,1798.00000,1337.00000,  84.00000,2911.00000, 219.00000,-1196.00000,   2.00000
2008-05-19,-9999.00000,-9999.00000,-9999.00000,-9999.00000,-9999.00000,-9999.00000,-9999.00000,-9999.00000,-9999.00000,-9999.00000, 255.00000
2008-06-04,2135.00000,2276.00000,2389.00000,3426.00000,3410.00000,2696.00000,-352.00000,6363.00000, 311.00000,-2030.00000,   4.00000
2008-06-20, 564.00000, 707.00000, 756.00000,1898.00000,1992.00000,1279.00000,1709.00000,2837.00000, 703.00000,-1371.00000,   0.00000
2008-06-28, 387.00000, 541.00000, 573.00000,1706.00000,2133.00000,1373.00000,2918.00000,2586.00000, 692.00000,-1658.00000,   0.00000
2008-07-06, 401.00000, 526.00000, 572.00000,1864.00000,2186.00000,1299.00000,2785.00000,2672.00000, 830.00000,-1621.00000,   0.00000
2008-07-14, 501.00000, 620.00000, 610.00000,1603.00000,1222.00000, 643.00000,2018.00000,2149.00000, 663.00000,-581.00000,   2.00000
2008-07-22, 418.00000, 563.00000, 560.00000,2065.00000,1980.00000,1123.00000,2436.00000,2695.00000,1010.00000,-1329.00000,   0.00000
2008-07-30, 290.00000, 471.00000, 519.00000,1978.00000,2209.00000,1248.00000,2752.00000,2658.00000, 984.00000,-1614.00000,   0.00000
2008-08-07, 386.00000, 520.00000, 548.00000,1879.00000,2000.00000,1104.00000,2487.00000,2559.00000, 886.00000,-1381.00000,   0.00000
2008-08-15, 400.00000, 540.00000, 576.00000,1853.00000,2239.00000,1270.00000,3205.00000,2684.00000, 821.00000,-1637.00000,   0.00000
2008-08-23, 350.00000, 508.00000, 593.00000,1823.00000,2175.00000,1191.00000,2785.00000,2614.00000, 815.00000,-1554.00000,   0.00000
2008-08-31, 413.00000, 585.00000, 646.00000,1848.00000,2273.00000,1283.00000,2062.00000,2754.00000, 768.00000,-1638.00000,   0.00000
2008-09-08,-9999.00000,-9999.00000,-9999.00000,-9999.00000,-9999.00000,-9999.00000,-9999.00000,-9999.00000,-9999.00000,-9999.00000, 255.00000
2008-09-16, 483.00000, 647.00000, 772.00000,1740.00000,2437.00000,1379.00000,2918.00000,2876.00000, 582.00000,-1776.00000,   0.00000
2008-09-24, 480.00000, 629.00000, 857.00000,1842.00000,2441.00000,1358.00000,2335.00000,2969.00000, 628.00000,-1723.00000,   0.00000
2008-10-18,1303.00000,1607.00000,1853.00000,2935.00000,3621.00000,2409.00000, 898.00000,5335.00000, 506.00000,-2422.00000,   4.00000
2008-10-26, 501.00000, 641.00000, 930.00000,1848.00000,2603.00000,1442.00000,1655.00000,3093.00000, 579.00000,-1858.00000,   0.00000
2008-11-27,3117.00000,3076.00000,3202.00000,3678.00000,3059.00000,2674.00000,-418.00000,7375.00000,-220.00000,-1284.00000,   4.00000
2009-01-30,1367.00000,1547.00000,1709.00000,1785.00000, 545.00000, 396.00000, -94.00000,3154.00000, -41.00000, 622.00000,   2.00000
2009-02-07, 861.00000,1096.00000,1176.00000,1466.00000, 524.00000, 414.00000,-129.00000,2383.00000, 146.00000, 290.00000,   3.00000
2009-03-11, 679.00000, 754.00000, 839.00000,1192.00000, 892.00000, 616.00000,  31.00000,2022.00000, 169.00000,-316.00000,   3.00000
2009-03-27, 653.00000, 796.00000, 858.00000,1340.00000,1182.00000, 769.00000, 499.00000,2256.00000, 250.00000,-565.00000,   0.00000
2009-04-04, 585.00000, 703.00000, 895.00000,1444.00000,1871.00000,1339.00000, 874.00000,2632.00000, 263.00000,-1371.00000,   0.00000
2009-04-20,-9999.00000,-9999.00000,-9999.00000,-9999.00000,-9999.00000,-9999.00000,2233.00000,-9999.00000,-9999.00000,-9999.00000, 255.00000
2009-05-22,-9999.00000,-9999.00000,-9999.00000,-9999.00000,-9999.00000,-9999.00000,2487.00000,-9999.00000,-9999.00000,-9999.00000, 255.00000
2009-05-30, 591.00000, 840.00000, 867.00000,1928.00000,2819.00000,1900.00000,2918.00000,3379.00000, 549.00000,-2245.00000,   0.00000
2009-06-07,-9999.00000,-9999.00000,-9999.00000,-9999.00000,-9999.00000,-9999.00000,-9999.00000,-9999.00000,-9999.00000,-9999.00000, 255.00000
2009-06-15, 507.00000, 621.00000, 666.00000,1848.00000,1822.00000,1144.00000,2062.00000,2626.00000, 756.00000,-1230.00000,   0.00000
2009-06-23, 453.00000, 589.00000, 659.00000,1788.00000,2064.00000,1314.00000,2686.00000,2679.00000, 703.00000,-1520.00000,   0.00000
2009-07-01, 407.00000, 610.00000, 681.00000,1861.00000,2351.00000,1540.00000,3083.00000,2875.00000, 720.00000,-1830.00000,   0.00000
2009-07-09, 499.00000, 677.00000, 724.00000,2064.00000,2422.00000,1514.00000,2785.00000,3078.00000, 834.00000,-1793.00000,   0.00000
2009-07-17, 472.00000, 622.00000, 721.00000,1926.00000,2569.00000,1633.00000,3286.00000,3042.00000, 725.00000,-2005.00000,   0.00000
2009-07-25,-9999.00000,-9999.00000,-9999.00000,-9999.00000,-9999.00000,-9999.00000,-9999.00000,-9999.00000,-9999.00000,-9999.00000, 255.00000
2009-08-02, 530.00000, 744.00000, 828.00000,2222.00000,2902.00000,1754.00000,2960.00000,3466.00000, 854.00000,-2189.00000,   0.00000
2009-08-10, 458.00000, 616.00000, 686.00000,1985.00000,2550.00000,1478.00000,3266.00000,3009.00000, 815.00000,-1899.00000,   0.00000
2009-08-18, 530.00000, 760.00000, 813.00000,1980.00000,2584.00000,1550.00000,2710.00000,3178.00000, 695.00000,-1896.00000,   0.00000
2009-08-26, 506.00000, 615.00000, 760.00000,2019.00000,2609.00000,1558.00000,3266.00000,3116.00000, 787.00000,-1957.00000,   0.00000
2009-09-03, 474.00000, 706.00000, 807.00000,1945.00000,2659.00000,1527.00000,2583.00000,3139.00000, 694.00000,-1955.00000,   0.00000
2009-09-11, 500.00000, 703.00000, 845.00000,2007.00000,2672.00000,1604.00000,3123.00000,3222.00000, 710.00000,-1986.00000,   0.00000
2009-09-19, 506.00000, 694.00000, 949.00000,2010.00000,2826.00000,1632.00000,2667.00000,3333.00000, 658.00000,-2077.00000,   0.00000
2009-09-27, 613.00000, 757.00000,1054.00000,2024.00000,2729.00000,1557.00000,2637.00000,3400.00000, 597.00000,-1914.00000,   0.00000
2009-10-05, 493.00000, 697.00000, 909.00000,1899.00000,2229.00000,1312.00000,1044.00000,2985.00000, 638.00000,-1509.00000,   0.00000
2009-11-30,1369.00000,1637.00000,1993.00000,3113.00000,1586.00000, 935.00000,-222.00000,4562.00000, 775.00000, -50.00000,   4.00000
2009-12-08,1366.00000,1605.00000,1881.00000,2838.00000,2033.00000,1255.00000,-1400.00000,4542.00000, 573.00000,-645.00000,   0.00000
2010-02-18, 775.00000, 839.00000, 969.00000,1352.00000,1546.00000, 945.00000, 279.00000,2522.00000, 151.00000,-871.00000,   0.00000
2010-03-06,1477.00000,1557.00000,1603.00000,1973.00000,1426.00000,1097.00000,-821.00000,3668.00000,  39.00000,-397.00000,   4.00000
2010-03-14, 961.00000,1186.00000,1290.00000,1758.00000,1869.00000,1320.00000, 448.00000,3303.00000, 154.00000,-1065.00000,   0.00000
2010-04-07, 870.00000, 907.00000, 953.00000,1376.00000, 857.00000, 560.00000, 581.00000,2269.00000, 203.00000,-150.00000,   3.00000
2010-04-15, 690.00000, 751.00000, 771.00000, 994.00000, 990.00000, 820.00000, 700.00000,1950.00000,  15.00000,-568.00000,   4.00000
2010-04-23, 549.00000, 705.00000, 847.00000,1378.00000,1591.00000,1124.00000,1547.00000,2423.00000, 271.00000,-1078.00000,   0.00000
2010-05-01, 567.00000, 718.00000, 885.00000,1395.00000,1711.00000,1333.00000,1236.00000,2549.00000, 230.00000,-1269.00000,   0.00000
2010-05-09,-9999.00000,-9999.00000,-9999.00000,-9999.00000,-9999.00000,-9999.00000,-9999.00000,-9999.00000,-9999.00000,-9999.00000, 255.00000
2010-06-18,16000.00000,16000.00000,16000.00000,16000.00000,16000.00000,5998.00000,-403.00000,32767.00000,-2128.00000,-2727.00000,   4.00000
2010-06-26, 320.00000, 462.00000, 467.00000,1616.00000,1405.00000, 878.00000,2587.00000,2087.00000, 773.00000,-929.00000,   0.00000
2010-07-04, 304.00000, 545.00000, 547.00000,1753.00000,1772.00000,1124.00000,2583.00000,2413.00000, 791.00000,-1261.00000,   0.00000
2010-07-12, 336.00000, 529.00000, 542.00000,1830.00000,2060.00000,1256.00000,3123.00000,2575.00000, 834.00000,-1526.00000,   0.00000
2010-07-20, 325.00000, 525.00000, 531.00000,1853.00000,2179.00000,1295.00000,3246.00000,2624.00000, 855.00000,-1631.00000,   0.00000
2010-07-28, 419.00000, 517.00000, 565.00000,2011.00000,2147.00000,1232.00000,3075.00000,2725.00000, 959.00000,-1528.00000,   0.00000
2010-08-05, 353.00000, 586.00000, 610.00000,1880.00000,2265.00000,1358.00000,3286.00000,2756.00000, 810.00000,-1685.00000,   0.00000
2010-08-13, 342.00000, 521.00000, 637.00000,1939.00000,2228.00000,1306.00000,3171.00000,2752.00000, 867.00000,-1622.00000,   0.00000
2010-08-21,2085.00000,2355.00000,2406.00000,3682.00000,4265.00000,3240.00000,1331.00000,6935.00000, 417.00000,-2875.00000,   4.00000
2010-08-29,-9999.00000,-9999.00000,-9999.00000,-9999.00000,-9999.00000,-9999.00000,2335.00000,-9999.00000,-9999.00000,-9999.00000, 255.00000
2010-09-06, 507.00000, 758.00000,1009.00000,2033.00000,3246.00000,1924.00000,3001.00000,3606.00000, 590.00000,-2505.00000,   0.00000
2010-09-14, 511.00000, 787.00000,1077.00000,2120.00000,3094.00000,1815.00000,3171.00000,3633.00000, 635.00000,-2291.00000,   0.00000
2010-09-22, 488.00000, 803.00000,1038.00000,1967.00000,3112.00000,1846.00000,2411.00000,3539.00000, 528.00000,-2362.00000,   0.00000
2010-09-30, 541.00000, 805.00000,1078.00000,2016.00000,3065.00000,1801.00000,3123.00000,3575.00000, 545.00000,-2278.00000,   0.00000
2010-10-08,1034.00000,1205.00000,1402.00000,2246.00000,2892.00000,1815.00000, 849.00000,4103.00000, 399.00000,-1927.00000,   0.00000
2010-10-16, 713.00000, 919.00000,1307.00000,2226.00000,3094.00000,1747.00000,1974.00000,3901.00000, 554.00000,-2124.00000,   0.00000
2010-11-01, 554.00000, 705.00000, 834.00000,1389.00000,1673.00000,1113.00000, 699.00000,2446.00000, 287.00000,-1129.00000,   0.00000
2011-01-20, 553.00000, 587.00000, 620.00000, 620.00000,  87.00000,  46.00000, -94.00000,1093.00000, -37.00000, 362.00000,   1.00000
2011-01-28, 241.00000, 221.00000, 278.00000, 336.00000, 127.00000, 116.00000, -75.00000, 554.00000,  26.00000,  47.00000,   1.00000
2011-03-09, 211.00000, 173.00000, 128.00000, 204.00000,  48.00000,  -7.00000, 401.00000, 316.00000,  28.00000,  93.00000,   1.00000
2011-04-18,1848.00000,1978.00000,2004.00000,2314.00000,2191.00000,2002.00000,-293.00000,4786.00000,-171.00000,-1182.00000,   4.00000
2011-05-04, 159.00000, 150.00000, 144.00000, 217.00000,  84.00000,  21.00000,1518.00000, 330.00000,  40.00000,  52.00000,   1.00000
2011-05-12, 689.00000, 627.00000, 631.00000, 849.00000, 640.00000, 513.00000, 340.00000,1557.00000,  41.00000,-239.00000,   0.00000
2011-05-20, 141.00000, 108.00000, 111.00000, 214.00000,  83.00000,  22.00000,1702.00000, 289.00000,  66.00000,  33.00000,   1.00000
2011-06-13,-9999.00000,-9999.00000,-9999.00000,-9999.00000,-9999.00000,-9999.00000,1816.00000,-9999.00000,-9999.00000,-9999.00000, 255.00000
2011-06-21, 118.00000, 203.00000, 135.00000, 508.00000, 171.00000,  54.00000,2282.00000, 541.00000, 266.00000,  37.00000,   0.00000
2011-07-07, 214.00000, 302.00000, 269.00000, 898.00000, 380.00000, 225.00000,2282.00000,1005.00000, 447.00000, -69.00000,   0.00000
2011-07-15, 239.00000, 244.00000, 227.00000, 524.00000, 245.00000, 129.00000,1709.00000, 683.00000, 194.00000, -16.00000,   4.00000
2011-07-23, 174.00000, 321.00000, 228.00000,1226.00000, 528.00000, 264.00000,2150.00000,1225.00000, 725.00000,-140.00000,   0.00000
2011-07-31, 203.00000, 300.00000, 238.00000,1481.00000, 621.00000, 322.00000,2284.00000,1417.00000, 914.00000,-189.00000,   0.00000
2011-08-08, 259.00000, 467.00000, 369.00000,1593.00000, 785.00000, 379.00000,2018.00000,1699.00000, 884.00000,-238.00000,   0.00000
2011-08-16, 227.00000, 343.00000, 270.00000,1679.00000, 829.00000, 405.00000,2078.00000,1655.00000,1030.00000,-323.00000,   0.00000
2011-08-24, 197.00000, 413.00000, 351.00000,1725.00000,1035.00000, 515.00000,2106.00000,1840.00000,1000.00000,-483.00000,   0.00000
2011-09-01,-9999.00000,-9999.00000,-9999.00000,-9999.00000,-9999.00000,-9999.00000,-9999.00000,-9999.00000,-9999.00000,-9999.00000, 255.00000
2011-09-09, 328.00000, 466.00000, 459.00000,1819.00000,1520.00000, 784.00000,2411.00000,2216.00000, 950.00000,-911.00000,   0.00000
2011-09-17, 388.00000, 509.00000, 503.00000,2089.00000,1727.00000, 971.00000,1437.00000,2534.00000,1096.00000,-1089.00000,   0.00000
2011-09-25,3187.00000,3367.00000,3315.00000,4119.00000,3875.00000,3220.00000,-917.00000,8208.00000, -79.00000,-1990.00000,   4.00000
2011-10-19, 412.00000, 500.00000, 560.00000,1869.00000,1800.00000,1033.00000,1709.00000,2477.00000, 882.00000,-1203.00000,   0.00000
2011-10-27, 409.00000, 590.00000, 654.00000,1801.00000,1962.00000,1169.00000, 650.00000,2609.00000, 743.00000,-1363.00000,   0.00000
2011-11-12, 442.00000, 599.00000, 783.00000,1900.00000,1826.00000,1072.00000, 241.00000,2683.00000, 765.00000,-1149.00000,   0.00000
2011-12-06, 521.00000, 693.00000, 971.00000,2102.00000,1927.00000,1071.00000, -31.00000,2989.00000, 799.00000,-1097.00000,   0.00000
2011-12-22, 667.00000, 947.00000,1202.00000,2340.00000,1762.00000, 952.00000,-752.00000,3310.00000, 813.00000,-738.00000,   0.00000
2012-01-07,1104.00000,1281.00000,1758.00000,2963.00000,1997.00000,1382.00000,-222.00000,4376.00000, 828.00000,-785.00000,   0.00000
2012-02-24, 733.00000, 853.00000,1018.00000,1478.00000,1497.00000,1006.00000, 218.00000,2617.00000, 221.00000,-833.00000,   0.00000
2012-05-14,16000.00000,16000.00000,16000.00000,6435.00000,2021.00000,1795.00000,-3663.00000,23504.00000,-9112.00000,7486.00000,   4.00000
2012-05-30, 285.00000, 458.00000, 489.00000,1634.00000,1390.00000, 823.00000,2078.00000,2083.00000, 791.00000,-876.00000,   0.00000
2012-06-15, 365.00000, 516.00000, 581.00000,1923.00000,1524.00000, 916.00000,1869.00000,2404.00000, 936.00000,-925.00000,   0.00000
2012-07-01, 389.00000, 526.00000, 494.00000,2135.00000,1536.00000, 878.00000,2335.00000,2481.00000,1147.00000,-893.00000,   0.00000
2012-08-02, 293.00000, 496.00000, 529.00000,2120.00000,2014.00000,1091.00000,2833.00000,2659.00000,1109.00000,-1349.00000,   0.00000
2012-08-18, 427.00000, 571.00000, 615.00000,1935.00000,1628.00000, 864.00000,2182.00000,2485.00000, 914.00000,-938.00000,   0.00000
2012-09-03, 489.00000, 634.00000, 835.00000,2018.00000,2347.00000,1311.00000,2686.00000,3022.00000, 783.00000,-1601.00000,   0.00000
2012-09-19, 531.00000, 709.00000, 996.00000,2063.00000,2516.00000,1401.00000,2686.00000,3250.00000, 703.00000,-1696.00000,   0.00000
2012-10-05, 449.00000, 631.00000, 958.00000,2037.00000,2569.00000,1425.00000,1655.00000,3187.00000, 728.00000,-1782.00000,   0.00000
2012-10-21,1436.00000,1716.00000,2234.00000,3499.00000,3904.00000,2732.00000,  94.00000,6106.00000, 674.00000,-2557.00000,   4.00000
2012-11-06, 397.00000, 726.00000,1085.00000,1972.00000,2257.00000,1211.00000,1159.00000,3102.00000, 632.00000,-1395.00000,   0.00000
2012-11-22,1021.00000,1191.00000,1545.00000,2416.00000,2021.00000,1401.00000,-484.00000,3902.00000, 529.00000,-1007.00000,   4.00000
